Name,Python,SQL,Azure,Machine_Learning,Docker,Kubernetes,PowerBI,Excel,Java,JavaScript,Git,REST_API,Scrum,Linux,Terraform,Spark,TensorFlow,Data_Analysis,CI_CD,Cloud_Architecture,Azure_DevOps,Microsoft_Fabric,Copilot_Studio,Power_Automate,Power_Apps,Microsoft_365,Azure_AI_Services,Dynamics_365,Azure_Data_Factory,Bicep_ARM,Hired
Anna,0,0,2,1,1,1,0,4,0,4,3,0,0,0,1,1,4,4,0,4,1,4,3,1,3,4,2,0,1,3,0
Clara,1,0,3,2,3,2,1,2,2,1,2,0,4,1,4,1,1,3,3,2,4,1,2,0,1,0,2,3,2,0,0
David,1,4,2,1,3,3,3,1,2,1,1,4,4,2,4,3,4,3,2,1,1,4,3,0,0,0,1,1,3,4,0
Elena,0,3,3,4,3,4,2,4,0,0,4,2,2,0,2,3,1,3,0,2,4,1,4,0,2,4,4,1,1,2,0
Ben,2,2,1,1,2,0,0,3,0,2,2,4,2,0,3,4,0,3,0,4,2,4,2,4,1,0,0,1,2,0,1
Olivia,2,1,1,0,1,3,2,2,0,2,2,4,3,4,2,0,0,2,1,4,2,0,0,4,3,2,2,3,4,4,1
Leon,1,2,0,1,2,2,1,3,4,2,4,4,0,4,2,0,1,2,0,0,4,1,2,2,4,1,2,1,2,4,1
Maria,3,2,0,0,3,2,0,0,2,1,2,1,3,4,3,4,0,0,0,1,4,0,2,4,4,1,3,1,0,2,1
Felix,1,4,4,0,4,2,3,0,0,2,2,1,0,1,4,0,0,3,0,4,1,1,3,4,1,2,4,4,3,1,1
Greta,4,1,2,3,2,3,4,3,0,1,1,0,2,0,4,4,1,4,1,0,0,0,1,0,0,2,0,4,1,2,1
Hans,3,1,4,1,4,4,3,1,3,3,1,0,0,3,2,3,3,3,0,0,0,3,2,0,1,1,1,4,3,1,1
Ines,3,1,2,3,1,0,3,4,0,0,4,0,0,1,1,3,3,3,1,3,0,1,3,0,3,2,3,2,3,4,1
Jonas,3,1,1,2,1,0,4,4,0,2,0,0,4,3,4,4,1,0,4,0,1,0,4,0,1,3,0,4,1,4,0
Katja,4,0,4,0,3,4,4,4,2,2,1,2,1,2,3,1,2,3,2,0,0,3,4,4,0,0,4,1,4,2,1
Noah,2,0,2,1,1,0,2,4,3,4,1,1,1,1,3,0,1,2,3,1,2,1,0,3,0,3,1,1,3,2,1
Paul,0,3,4,1,2,0,3,0,4,4,1,2,3,0,2,4,2,0,2,4,2,3,2,3,2,4,1,1,3,3,1
Quinn,1,4,4,2,3,4,0,2,2,1,3,4,4,2,3,3,3,1,4,3,1,0,2,4,4,2,0,1,2,1,1
Rosa,1,1,0,0,1,3,4,0,3,3,4,1,3,3,3,1,1,0,0,3,1,1,4,3,0,4,1,0,3,1,0
Stefan,3,4,4,4,2,3,4,4,3,4,3,1,3,3,2,1,2,4,3,1,2,3,0,2,1,2,2,2,4,0,1
Tanja,1,1,1,3,1,1,0,3,3,2,4,3,3,0,1,3,3,4,0,4,3,3,0,2,2,3,3,4,4,4,0
Uwe,1,3,1,2,3,3,0,3,2,3,1,3,1,4,4,0,3,4,4,0,0,3,1,3,1,0,2,3,2,1,0
Vera,3,2,2,3,2,3,2,0,3,0,4,0,2,1,0,0,0,1,1,0,4,1,1,1,3,0,4,1,3,2,1
Walter,2,1,4,4,0,1,2,0,4,0,2,4,3,3,1,0,4,1,0,2,4,0,4,0,2,4,3,2,0,4,1
Xena,2,0,3,3,0,3,2,3,1,3,1,4,2,4,4,3,3,3,4,2,2,1,0,2,3,1,3,4,4,3,1
Yara,2,0,3,2,1,3,1,2,2,2,2,4,2,4,0,4,1,0,1,3,3,4,1,3,3,3,0,0,2,1,1
Zach,3,1,2,4,2,3,4,4,2,3,4,2,2,3,2,2,2,1,0,1,2,0,4,1,1,1,3,2,4,4,1
Anja,4,2,0,1,2,1,2,1,2,0,4,1,2,0,0,4,2,1,3,0,0,4,2,3,3,3,2,1,0,2,0
Bruno,3,0,0,3,3,0,4,0,1,1,4,2,0,1,0,4,3,4,4,4,1,4,3,3,3,2,4,3,2,4,0
Carla,4,0,4,0,1,1,2,0,1,1,1,4,0,1,0,3,3,4,3,2,0,1,2,2,3,0,1,2,4,1,1
Dirk,3,0,4,1,1,2,1,0,0,1,2,4,4,2,3,0,3,2,3,2,4,4,3,3,0,4,0,3,2,4,1
Emma,2,0,0,1,4,4,0,2,4,0,1,3,4,3,2,1,4,3,3,0,3,2,3,2,2,0,1,2,3,3,0
Finn,2,3,4,0,3,0,2,2,2,0,3,4,0,4,3,3,0,1,4,2,4,3,3,0,1,2,4,1,2,3,1
Gina,3,0,0,4,1,1,2,4,0,4,3,0,1,0,3,0,1,3,2,4,2,3,3,3,1,3,4,1,3,1,0
Horst,4,4,1,0,2,3,2,4,2,0,2,2,4,4,3,1,3,4,3,2,2,4,4,3,3,2,1,1,4,3,0
Ida,1,3,0,2,3,3,3,1,3,0,1,4,4,2,0,3,0,4,3,0,1,3,1,0,3,2,2,4,3,0,0
Jan,2,4,3,2,3,4,0,4,0,1,2,1,0,3,0,0,3,1,2,0,0,2,0,2,2,2,3,1,1,4,1
Kira,3,4,1,1,1,0,4,3,4,1,3,4,1,1,3,2,3,2,0,3,2,4,1,0,3,2,4,2,3,2,0
Lars,3,2,1,3,3,0,1,3,4,2,4,2,2,0,3,2,0,4,0,4,3,2,1,4,2,1,1,4,2,1,0
Mia,0,0,2,3,0,4,2,1,0,2,2,3,1,1,1,4,2,4,4,2,1,2,3,2,2,0,3,0,1,1,1
Nico,3,4,2,0,3,0,2,4,0,3,2,2,4,3,2,0,1,3,0,4,4,2,4,1,0,3,2,3,0,1,1
Olga,0,0,2,3,0,0,1,4,1,3,3,2,4,3,4,1,3,0,3,4,3,2,0,2,1,3,3,1,2,0,1
Peter,2,4,2,0,3,2,1,0,3,0,1,4,0,0,2,1,1,4,1,0,4,1,4,1,1,2,1,4,0,2,1
Qian,1,1,4,2,1,0,0,1,0,2,1,4,2,0,1,2,0,1,3,4,0,0,3,3,2,4,4,0,3,4,1
Rita,1,4,0,4,2,3,0,0,3,3,3,0,3,3,0,0,2,4,1,0,1,2,4,4,4,2,3,4,4,2,0
Sam,3,4,4,3,0,0,4,1,3,3,1,3,2,3,3,3,0,2,3,2,2,2,1,3,0,0,0,0,3,0,1
Tina,2,1,4,0,4,4,4,2,0,3,2,3,0,2,4,2,2,0,4,4,1,1,3,1,0,2,4,2,0,2,1
Ulrich,4,1,3,4,4,4,4,0,4,2,0,1,2,2,2,2,0,1,1,4,3,0,1,0,0,4,1,3,3,3,1
Vika,2,1,2,2,2,4,4,0,0,1,1,4,0,0,2,3,3,3,4,3,3,2,1,4,0,2,3,0,2,4,1
Werner,3,4,2,0,1,3,4,0,0,1,2,1,1,2,2,2,0,0,3,3,1,1,3,4,1,4,4,2,0,3,1
Xin,0,3,0,3,0,2,4,3,4,3,3,2,0,3,0,2,1,4,3,2,0,3,0,1,3,4,3,4,0,3,0
Lena,2,2,1,2,1,0,4,0,4,4,1,2,2,1,1,0,1,2,1,1,4,1,0,1,3,3,4,4,3,4,0
Marc,4,2,2,1,3,0,3,3,2,2,4,0,2,4,0,2,3,3,0,0,2,2,0,0,4,4,4,3,3,4,1
Nina,4,0,3,4,1,2,4,3,4,1,0,3,0,2,0,4,1,0,1,3,3,4,4,4,1,2,2,2,3,3,1
Otto,2,4,0,2,0,2,0,4,3,2,2,4,1,2,0,4,1,2,2,3,1,4,0,2,4,3,2,1,4,0,0
Petra,3,4,2,0,2,2,1,1,2,3,1,1,1,1,0,2,0,4,4,4,0,2,4,1,4,3,1,1,1,4,1
Ralf,1,3,0,3,2,1,3,4,2,3,1,4,1,2,3,1,2,4,3,3,2,3,4,4,3,1,1,4,1,2,0
Silke,0,3,2,4,0,4,0,2,0,1,2,3,4,1,3,0,1,3,2,0,3,0,3,4,2,1,3,0,2,1,1
Tobias,0,2,0,2,1,1,0,2,3,1,3,3,4,0,0,0,2,1,1,4,4,4,3,0,2,1,2,0,0,1,0
Ursula,3,4,3,0,0,3,4,4,0,4,4,1,1,2,3,0,4,2,1,4,3,1,0,4,2,0,4,4,4,4,1
Viktor,4,0,3,3,0,3,2,2,0,2,0,2,1,0,4,2,1,0,2,4,2,1,3,3,1,1,0,3,0,2,1
Wendy,1,0,1,0,2,2,4,3,4,3,2,0,1,2,2,0,2,2,0,2,3,3,3,3,2,1,3,3,2,4,0
Axel,2,0,3,0,3,4,1,4,2,2,0,0,2,2,2,3,4,3,1,3,2,3,0,2,4,3,2,0,0,3,1
Bettina,2,4,1,0,1,4,3,0,1,0,1,2,2,3,4,0,4,1,3,2,2,3,0,4,1,4,2,3,2,2,0
Christoph,1,0,0,1,3,4,3,4,0,2,2,3,1,4,2,3,1,0,1,0,3,1,3,0,2,2,0,4,4,2,0
Dana,2,1,1,2,4,1,0,1,1,1,3,0,2,4,4,2,3,4,1,4,0,0,2,3,3,4,3,3,4,0,0
Erika,1,2,0,3,3,4,2,1,4,4,1,1,3,4,0,0,4,1,2,1,1,2,1,2,4,2,0,2,1,4,0
Franz,2,1,2,4,4,0,4,1,4,4,1,1,4,4,2,4,0,0,0,0,4,2,1,4,3,4,0,3,4,2,1
Gudrun,2,3,1,3,2,3,0,0,1,3,3,3,3,1,2,4,1,2,2,2,3,1,2,4,4,0,2,1,3,0,0
Heinz,2,3,1,1,0,0,2,3,4,3,1,1,2,4,2,1,1,3,4,3,3,2,3,0,0,3,4,3,1,1,0
Irene,4,2,0,0,2,3,4,3,2,4,0,0,3,1,2,2,3,2,0,3,0,4,4,1,2,4,2,0,3,4,0
Jürgen,3,4,2,4,4,0,1,0,3,2,2,4,2,1,1,4,4,3,4,0,0,0,1,2,3,4,3,1,4,4,1
Klara,1,2,4,2,1,3,4,2,4,2,4,4,4,3,4,2,3,0,2,2,0,3,4,2,0,4,3,2,4,4,1
Lukas,1,0,4,3,1,4,4,3,1,1,0,4,0,1,0,3,2,3,1,3,1,3,4,4,3,0,1,4,1,4,1
Monika,2,3,4,3,2,1,3,4,2,4,2,2,4,3,1,1,2,4,2,1,2,2,1,3,2,3,2,4,2,2,1
Norbert,0,4,4,3,3,2,1,2,0,2,0,2,3,2,3,1,1,4,2,4,2,1,0,4,4,1,1,0,4,1,1
Petra,1,0,0,3,2,3,0,1,0,4,1,3,3,3,1,2,2,2,0,0,4,1,4,0,1,3,1,0,3,3,0
Rainer,1,2,0,0,2,4,4,0,2,2,3,4,4,3,1,4,3,2,1,0,2,1,3,2,1,0,2,2,4,1,0
Sandra,1,4,3,3,4,2,0,3,0,1,1,3,2,1,0,2,3,1,3,2,2,2,4,4,0,2,2,1,0,0,1
Thomas,3,2,1,3,4,2,0,2,2,4,1,1,1,3,1,3,4,2,3,4,3,4,1,1,4,0,4,3,4,2,0
Uschi,0,4,0,0,4,4,1,4,4,1,1,2,4,3,0,1,4,3,0,4,3,0,3,1,4,3,3,4,0,4,0
Valentin,3,2,0,3,2,0,1,4,0,0,3,2,0,4,0,0,3,0,2,3,1,1,3,2,3,3,3,3,0,4,0
Willi,1,2,0,1,4,3,4,1,1,0,0,2,3,4,3,4,3,1,1,3,2,1,2,1,0,0,3,4,0,1,0
Xaver,1,0,0,4,0,3,4,0,1,0,3,3,1,4,1,0,1,4,2,1,4,2,4,4,2,1,2,1,4,1,0
Yvonne,3,2,2,0,4,4,1,3,4,3,0,2,3,4,2,3,3,1,2,3,1,4,3,1,1,2,1,3,0,4,1
Zeno,3,3,4,4,1,3,1,2,1,2,0,3,2,0,4,1,0,2,3,4,4,0,0,1,4,4,1,3,1,2,1
Adil,2,0,1,1,0,3,1,4,1,3,1,4,2,2,3,3,4,2,2,2,2,4,3,3,0,3,2,1,2,2,0
Bianca,3,0,4,1,1,0,2,4,4,4,3,2,1,1,2,1,3,4,1,3,4,2,2,3,3,3,1,2,1,1,1
Cedric,4,3,1,4,0,4,0,0,0,0,3,1,1,0,1,0,1,4,3,2,0,4,4,3,3,0,0,4,4,3,0
Daria,0,0,4,2,4,2,0,4,3,1,0,0,4,1,1,1,4,4,2,2,2,3,0,2,3,3,4,1,1,2,1
Enrico,0,0,0,3,3,3,4,3,0,0,1,0,3,3,2,4,0,4,0,1,1,4,3,2,0,0,2,4,4,0,0
Fatima,1,2,0,1,4,1,3,0,2,1,4,1,4,3,4,2,3,1,0,4,2,0,0,3,1,0,2,4,4,4,0
Giorgio,3,2,0,2,3,3,1,2,4,3,3,1,4,3,0,4,2,1,0,0,2,1,3,1,3,2,2,0,0,0,0
Hana,2,3,2,2,0,1,0,1,3,3,4,4,4,3,0,0,0,2,4,0,4,4,2,3,0,2,3,3,0,4,1
Ibrahim,1,4,4,1,3,1,1,2,2,2,3,1,0,1,3,2,3,2,3,0,2,2,1,3,4,4,1,3,0,1,1
Jasmin,2,0,3,2,4,3,2,3,2,3,4,1,2,2,4,1,3,2,1,3,2,2,3,4,1,2,3,2,3,2,1
Kemal,0,4,1,4,4,1,4,0,3,1,3,2,0,3,3,1,2,1,2,1,3,3,0,3,4,3,4,3,4,4,0
Laila,3,4,0,2,4,4,0,0,1,2,1,4,0,4,3,2,3,0,0,0,2,1,4,4,4,4,4,1,3,2,0
Mehmet,3,3,4,4,1,2,0,3,0,2,3,0,0,1,2,2,2,3,1,4,3,2,3,0,3,3,2,0,2,0,1
Nadia,0,0,2,0,1,1,4,1,4,1,2,4,3,3,1,3,1,1,3,3,0,4,1,3,4,3,3,0,1,1,1
Omar,2,0,4,0,4,1,2,2,1,3,0,2,3,4,2,4,3,4,3,4,0,2,2,3,4,1,2,4,4,0,1
Priya,1,2,0,1,2,0,1,2,1,4,3,3,4,1,4,3,3,1,3,4,1,4,1,3,2,1,1,2,3,4,0
Reza,0,2,0,3,1,1,3,4,4,3,3,3,3,3,3,1,0,4,0,1,2,0,2,1,4,2,1,3,4,3,0
Sadia,4,4,0,4,0,2,4,2,4,0,3,4,1,3,0,1,2,0,3,2,2,0,3,0,1,1,4,2,4,3,0
Tarek,1,4,1,1,1,0,4,2,4,2,4,4,1,2,2,2,4,2,4,0,1,3,0,2,1,1,1,1,2,1,0
Uma,3,3,1,4,2,3,3,3,0,0,3,4,2,2,3,3,2,4,0,0,3,2,0,4,3,1,3,1,3,2,0
Vikram,2,2,2,4,4,1,4,3,2,0,0,0,3,0,0,1,3,3,0,3,1,1,2,1,2,0,2,2,0,2,1
Wafa,1,0,3,2,1,3,0,0,0,1,3,0,1,4,1,4,3,0,0,2,0,3,1,3,0,1,3,0,0,0,1
Xiao,2,2,2,1,3,1,1,0,4,4,0,4,1,3,2,1,1,3,4,3,1,0,0,1,0,4,3,2,3,2,1
Yusuf,1,1,2,0,1,4,4,4,4,2,0,2,1,4,4,4,1,3,2,0,1,3,3,0,1,3,4,0,4,0,1
Zara,2,2,1,3,4,3,2,4,1,3,0,0,4,0,0,2,1,0,0,3,4,2,4,3,3,3,0,4,4,4,0
Aleksei,1,2,0,2,0,4,1,1,4,2,3,4,0,2,3,1,0,1,0,3,0,3,4,4,0,2,1,0,0,1,0
Bogdan,0,1,3,2,4,4,2,1,2,1,2,0,0,2,3,2,4,0,2,4,0,3,3,4,2,0,3,4,1,2,1
Csaba,1,2,0,4,0,1,4,0,0,0,1,0,3,2,3,1,1,0,4,3,1,2,1,3,2,2,0,4,2,0,0
Dragana,4,0,1,1,4,0,3,0,3,2,2,2,0,4,3,0,2,1,2,4,2,4,1,3,2,4,3,1,4,1,0
Eszter,1,0,3,0,1,4,2,0,2,0,3,2,0,1,4,1,3,3,0,1,2,0,0,1,4,3,2,3,0,4,1
Florin,0,4,1,3,0,4,4,0,3,1,1,2,2,2,3,2,2,3,2,1,0,1,1,4,0,1,0,1,3,3,0
Galina,2,3,0,4,2,1,3,2,3,2,0,0,1,2,4,0,1,2,1,0,1,2,3,4,0,2,2,1,0,3,0
Horia,3,4,4,1,0,3,0,1,0,0,0,1,1,1,3,2,0,4,4,2,0,0,0,1,3,1,0,2,0,0,1
Ioana,3,0,1,4,3,3,3,0,3,3,1,2,1,1,2,2,3,1,0,4,4,4,1,2,3,3,4,3,0,0,0
Jovan,2,3,1,3,1,4,1,4,0,3,2,3,4,3,2,4,4,2,3,2,1,0,2,4,1,0,2,0,3,4,0
Kristina,2,4,1,1,0,1,1,2,4,0,1,4,3,2,1,1,1,4,2,2,4,0,2,4,4,1,4,1,3,4,0
Luca,2,1,3,0,0,0,1,4,1,0,4,3,0,2,4,1,1,2,1,2,0,0,1,4,1,0,4,2,0,2,1
Mirela,3,4,0,2,2,2,1,1,3,3,2,1,4,4,2,1,4,1,3,2,2,1,1,0,4,3,4,0,1,4,0
Nikos,2,4,1,4,0,3,1,2,0,1,2,2,1,0,2,3,0,2,1,1,0,2,2,0,0,0,3,3,3,1,0
Oana,3,3,3,2,4,3,0,3,4,1,1,3,0,0,2,0,2,2,0,0,2,1,3,1,0,4,0,2,4,4,1
Piotr,3,0,3,1,4,3,1,0,0,2,1,1,3,4,4,2,2,2,1,0,0,3,4,4,3,1,0,2,0,3,1
Renata,0,2,4,3,1,0,0,1,1,2,0,3,0,2,3,3,3,2,0,4,3,1,2,3,2,1,3,0,2,3,1
Sven,3,2,1,2,4,0,1,0,0,2,4,3,4,1,4,0,3,4,3,4,3,4,1,3,2,0,3,0,4,4,0
Tatiana,4,4,4,1,0,3,1,1,1,1,1,0,3,0,3,1,1,4,2,2,0,0,3,4,3,4,2,2,4,3,1
Ulrika,0,4,4,4,3,0,3,1,1,4,4,4,0,0,4,0,2,4,2,3,2,3,3,4,4,3,0,1,2,3,1
Valentina,1,4,4,3,0,3,2,1,0,3,2,2,0,2,2,2,2,3,0,1,1,2,3,2,2,3,4,0,1,3,1
Witold,1,3,3,4,2,0,4,1,0,2,4,3,1,4,4,0,1,1,1,0,1,0,3,0,2,1,2,2,3,4,1
Xiomara,3,0,0,1,2,3,4,3,1,3,4,4,2,2,1,2,0,2,0,3,0,1,4,1,1,1,1,2,3,4,0
Yannick,0,0,3,1,1,4,0,1,2,4,2,2,3,3,2,3,2,1,3,2,4,4,3,4,0,0,4,2,4,4,1
Zofia,4,2,2,0,3,0,2,2,2,2,2,2,1,1,4,1,0,4,3,2,1,0,3,2,2,3,3,3,0,4,1
Aiko,4,1,2,1,4,3,2,4,2,1,4,1,2,0,3,1,2,4,1,2,0,1,2,1,2,3,2,2,2,4,1
Bowen,2,3,0,3,0,4,4,4,0,3,1,4,0,3,4,2,3,0,1,1,1,2,3,4,3,1,2,1,0,3,0
Cheng,2,1,2,0,0,3,2,1,1,4,1,3,0,1,4,3,3,3,3,3,3,0,0,4,1,2,0,2,4,1,1
Daisuke,0,0,1,1,2,2,1,0,3,4,4,2,1,0,0,2,2,3,4,4,4,2,3,1,2,3,2,1,1,3,0
Emi,0,1,1,1,1,0,4,4,1,0,2,0,3,2,4,4,0,4,0,0,0,0,0,3,3,3,0,4,2,3,0
Fumiko,1,1,0,2,3,0,4,2,4,4,1,3,0,4,4,0,2,0,0,3,1,4,1,2,4,1,2,3,2,1,0
Guangwei,0,4,3,1,3,2,1,0,0,0,0,4,3,1,0,4,0,0,2,1,3,2,2,3,0,0,1,0,2,2,1
Hiroshi,2,3,0,0,0,0,1,1,2,2,3,4,2,0,2,2,1,0,3,3,3,2,3,3,3,1,0,1,0,1,0
Ingrid,0,3,4,3,4,3,1,4,3,2,4,0,1,3,3,0,3,3,0,0,2,2,0,4,4,4,1,2,4,4,1
Jing,4,0,3,1,3,2,3,1,4,4,0,0,1,4,3,3,1,0,3,2,1,2,2,0,4,1,4,3,3,1,1
Kofi,0,3,3,4,3,0,3,3,2,0,3,0,0,3,3,0,4,4,0,0,4,4,2,4,4,1,3,2,2,0,1
Linh,1,3,2,4,4,4,3,2,3,0,0,1,0,2,2,2,4,4,2,0,0,1,3,1,3,0,2,4,1,1,1
Makoto,0,3,1,3,1,2,0,3,0,4,0,3,3,4,4,1,3,0,4,0,4,3,4,3,4,1,4,1,1,0,0
Ngo,3,4,4,2,4,3,3,4,1,2,3,2,2,3,1,1,3,4,4,2,4,2,4,1,1,1,4,2,2,1,1
Pham,1,4,4,2,0,2,4,3,4,4,3,4,2,3,0,4,0,0,3,1,0,0,1,2,1,2,2,1,0,2,1
Rashida,1,4,0,2,3,0,4,4,1,4,3,1,4,2,0,3,3,3,2,4,0,0,2,1,4,3,1,2,4,4,0
Sipho,4,1,1,2,3,1,0,1,1,4,0,3,0,3,2,4,2,1,1,4,2,0,2,3,1,0,1,2,4,0,0
Thabo,4,2,3,4,4,2,0,2,4,1,1,4,0,4,1,3,4,4,3,0,2,1,1,2,2,2,2,1,4,4,1
Uchenna,3,4,0,0,2,3,1,4,4,1,0,2,3,0,3,2,4,2,0,4,2,4,4,3,3,0,2,1,2,4,0
Vuyani,0,0,1,4,4,0,0,1,1,3,0,1,4,3,0,1,0,3,2,0,0,0,0,1,2,4,0,4,1,2,0
Wanjiku,3,3,3,3,3,2,0,3,0,4,0,4,0,4,0,0,2,4,0,2,2,4,0,2,3,3,3,0,3,1,1
Xiulan,4,1,1,3,4,2,1,2,2,0,4,4,1,0,0,0,4,4,3,4,4,0,2,1,2,1,3,4,1,1,0
Yerlan,1,1,4,2,1,0,1,4,0,4,3,4,0,2,0,2,0,1,4,3,2,2,1,1,0,2,4,0,1,2,1
Zimasa,3,3,2,4,2,4,1,4,4,2,2,3,1,0,2,1,1,3,2,2,1,2,3,3,3,2,2,3,4,0,1
Abebe,1,4,0,2,1,4,1,2,0,0,0,4,0,4,4,3,4,1,0,4,2,4,4,3,1,2,3,1,4,2,0
Anna_2,1,3,4,4,0,3,2,4,0,1,4,1,4,1,3,1,1,4,4,1,3,2,0,1,3,1,0,2,2,1,1
Ben_2,0,1,4,2,3,3,3,0,0,2,0,4,2,2,4,4,4,1,3,3,2,4,0,4,2,3,1,4,3,2,1
Clara_2,2,3,3,4,0,4,1,3,1,1,0,4,2,1,1,1,1,2,4,0,1,3,2,0,3,3,3,1,4,1,1
David_2,3,0,1,0,1,4,4,1,1,4,0,4,1,0,1,2,1,4,3,4,4,0,2,0,1,3,4,3,3,1,0
Elena_2,1,3,4,1,4,1,4,4,2,1,2,3,4,4,0,1,3,3,1,0,0,1,4,4,3,1,4,0,1,3,1
Felix_2,4,4,0,4,4,0,0,3,1,4,4,0,3,4,3,2,0,4,3,1,3,3,2,4,4,0,3,1,2,3,0
Greta_2,1,0,2,4,4,3,2,1,0,0,4,4,0,4,0,3,1,2,3,2,0,1,3,4,2,2,4,3,4,2,1
Hans_2,4,2,3,1,3,4,4,3,1,2,4,4,3,2,2,4,2,3,1,0,1,3,1,0,1,4,3,2,4,4,1
Ines_2,0,1,3,0,0,1,3,4,3,0,0,2,1,2,0,4,0,3,3,4,4,2,4,0,1,3,3,0,1,4,1
Jonas_2,2,1,0,4,4,4,1,4,1,0,2,1,0,1,0,2,3,2,3,3,4,1,4,0,0,0,4,2,4,4,0
Katja_2,2,2,2,1,4,1,3,3,4,0,2,1,3,4,0,4,0,4,2,2,0,4,2,4,4,2,3,3,4,3,1
Leon_2,1,2,3,3,4,0,3,0,2,0,3,1,1,2,3,2,4,4,0,2,1,2,0,3,2,0,4,1,3,2,1
Maria_2,2,1,4,2,1,1,3,1,1,1,2,1,1,1,1,4,2,1,0,0,0,3,4,0,4,0,3,2,4,2,1
Noah_2,3,4,2,3,1,4,2,3,1,4,1,0,4,3,3,4,0,4,2,3,1,3,0,4,3,2,0,0,1,3,1
Olivia_2,4,0,2,2,4,2,1,4,2,1,2,3,4,2,2,1,3,3,1,3,2,2,3,2,3,1,4,1,4,1,1
Paul_2,0,2,1,4,3,3,1,1,1,3,0,1,3,3,1,4,4,2,3,2,2,4,4,0,3,0,1,0,1,2,0
Quinn_2,3,0,3,2,2,2,2,4,4,2,2,0,3,0,2,4,1,4,4,4,1,2,2,2,4,3,3,0,3,4,1
Rosa_2,2,3,1,1,2,3,4,4,3,0,0,1,2,1,2,2,2,2,4,3,2,3,2,4,4,3,3,1,1,0,0
Stefan_2,1,1,2,0,1,1,3,0,0,0,3,4,0,0,3,4,0,0,2,4,1,0,3,2,1,1,2,3,1,1,1
Tanja_2,4,1,0,0,2,2,3,3,4,2,4,3,1,4,1,4,4,3,4,3,4,4,2,2,3,4,1,0,3,2,0
Uwe_2,2,3,2,1,2,0,0,4,1,2,2,3,4,0,3,3,2,0,3,2,4,1,0,4,2,1,3,4,3,3,1
Vera_2,1,1,3,3,1,2,0,3,1,4,4,2,2,4,2,3,1,0,1,1,2,0,3,4,3,2,4,3,1,2,1
Walter_2,0,1,0,4,0,1,0,2,2,1,3,0,1,0,1,0,3,1,2,3,2,3,2,3,0,2,0,1,0,2,0
Xena_2,3,0,4,3,1,1,2,3,0,0,1,3,3,1,0,1,3,0,4,1,3,3,2,2,1,0,4,4,0,2,1
Yara_2,3,2,1,2,0,1,0,1,3,2,0,1,2,4,0,3,1,0,0,4,3,4,1,2,0,1,1,3,0,4,0
Zach_2,2,0,0,2,1,4,0,1,3,1,2,4,2,3,1,0,3,2,1,2,0,3,3,4,2,4,3,1,4,1,0
Anja_2,4,2,2,3,2,4,4,1,0,4,1,3,2,2,4,2,3,0,4,3,1,0,4,2,4,1,2,0,4,3,1
Bruno_2,1,4,3,4,1,4,2,2,3,2,0,0,4,0,0,1,1,0,1,0,3,1,0,0,4,3,3,4,4,4,1
Carla_2,2,0,2,1,4,0,0,1,3,0,3,0,2,4,3,2,0,4,2,4,0,0,2,0,1,4,0,0,1,4,1
Dirk_2,3,1,1,4,1,4,1,4,4,3,0,4,2,3,3,0,1,1,4,3,4,2,1,4,4,3,2,2,4,2,0
Emma_2,2,3,3,2,4,1,4,4,1,3,4,2,2,3,3,3,0,0,2,4,0,4,1,2,0,2,1,1,2,0,1
Finn_2,2,4,4,4,4,4,1,0,0,3,2,1,1,2,2,4,1,1,2,2,0,4,3,4,1,0,2,3,1,3,1
Gina_2,4,0,4,2,0,4,3,0,0,2,2,3,3,0,1,4,0,3,0,2,4,0,2,4,4,1,2,4,1,1,1
Horst_2,0,3,3,4,4,4,0,1,3,2,3,1,1,2,0,3,4,0,4,3,2,0,3,4,3,1,1,3,4,1,1
Ida_2,3,3,4,1,4,4,4,1,1,0,2,3,2,4,0,0,3,3,2,2,1,2,2,4,0,2,1,2,4,3,1
Jan_2,4,1,3,0,1,1,2,1,0,0,0,1,4,1,2,0,2,0,2,3,3,0,2,1,4,1,1,4,4,2,1
Kira_2,4,3,4,1,0,3,4,4,0,2,1,0,2,1,4,2,0,3,0,0,3,2,2,0,0,2,3,1,3,4,1
Lars_2,0,2,3,4,4,0,1,1,4,3,4,0,0,1,4,2,2,3,3,1,0,2,2,2,2,1,4,2,0,2,1
Mia_2,3,0,4,2,1,1,2,3,1,0,3,4,4,1,3,1,4,1,3,2,4,2,3,4,1,1,1,4,4,1,1
Nico_2,1,2,4,1,3,1,4,1,2,0,4,4,0,1,2,1,0,2,3,3,2,3,2,1,1,0,1,1,0,4,1
Olga_2,4,2,4,4,4,1,4,1,1,0,2,0,3,1,4,4,3,2,1,3,3,3,1,1,1,1,0,3,0,2,1
Peter_2,3,1,1,1,0,1,3,4,3,2,3,1,3,3,0,4,3,2,3,4,4,4,4,4,0,4,0,3,3,0,0
Qian_2,1,4,4,3,0,4,3,4,0,1,2,3,3,2,2,3,1,3,2,4,0,4,1,3,3,0,4,0,1,4,1
Rita_2,4,1,3,3,2,3,0,1,3,4,1,3,0,2,2,1,0,0,0,3,2,0,4,3,4,4,1,3,4,3,1
Sam_2,0,1,2,4,1,1,1,1,0,3,2,2,3,2,1,0,1,1,0,4,2,0,3,3,3,4,0,4,3,1,1
Tina_2,1,4,3,3,3,3,0,4,4,0,1,4,2,4,4,1,0,1,1,0,2,0,1,0,4,4,2,2,0,0,1
Ulrich_2,0,3,1,1,2,4,4,4,4,1,3,4,2,0,0,2,2,2,3,0,3,4,0,2,3,1,0,2,2,4,0
Vika_2,3,4,1,1,4,0,0,4,4,0,3,4,2,3,4,2,2,4,4,4,2,1,4,4,3,4,3,3,1,4,0
Werner_2,1,2,1,0,0,0,3,0,1,4,3,3,0,2,2,4,1,0,1,2,2,0,2,2,4,4,2,0,0,2,0
Xin_2,2,3,4,4,0,1,1,2,2,3,3,0,1,3,1,3,4,2,3,3,0,4,2,4,2,4,4,0,1,4,1
Lena_2,2,2,0,1,2,0,2,3,4,1,4,4,3,1,4,0,2,2,0,2,3,0,3,1,2,3,2,1,4,2,0
Marc_2,1,0,2,0,1,0,3,4,0,3,4,1,1,2,3,4,2,2,1,0,4,1,1,0,3,3,4,0,0,2,1
Nina_2,0,4,0,2,3,0,0,4,2,0,4,2,1,2,1,1,2,2,4,2,3,0,2,1,1,2,0,0,4,4,0
Otto_2,4,0,1,4,2,4,2,2,1,2,4,1,1,0,2,4,2,4,3,0,1,0,3,0,0,3,0,0,3,3,0
Petra_2,1,4,4,3,4,2,2,2,1,4,0,3,4,1,0,3,0,3,2,3,3,1,1,1,4,2,2,3,1,2,1
Ralf_2,2,3,3,0,0,3,0,2,3,3,1,2,2,4,4,1,4,0,3,0,2,4,0,2,4,3,3,4,3,1,1
Silke_2,4,1,4,1,3,3,0,2,1,4,3,3,4,2,4,1,1,0,4,3,0,4,4,3,2,4,0,3,1,2,1
Tobias_2,3,0,4,0,4,3,2,3,0,0,1,1,4,0,1,1,3,4,2,3,4,4,3,1,1,2,2,4,2,3,1
Ursula_2,2,0,4,0,4,4,3,1,2,0,2,4,0,0,4,2,0,2,0,1,3,4,3,2,3,3,3,3,4,1,1
Viktor_2,1,3,1,1,4,3,2,3,1,2,1,1,0,0,0,1,3,3,1,0,1,3,3,4,3,4,1,3,4,3,0
Wendy_2,4,3,3,2,1,1,3,4,0,4,3,1,4,2,3,4,4,2,0,0,4,3,2,0,4,3,0,1,4,2,1
Axel_2,3,4,0,4,4,0,1,3,0,4,4,2,4,0,2,4,0,3,3,4,3,4,2,3,2,2,2,1,0,4,0
Bettina_2,2,4,2,0,3,4,1,4,0,2,4,0,2,3,0,1,4,0,2,2,1,4,2,2,2,0,0,4,1,4,1
Christoph_2,1,3,2,1,2,1,3,1,4,0,2,0,1,4,1,3,3,3,1,3,1,1,4,2,0,2,0,0,1,3,1
Dana_2,3,3,2,3,4,1,3,3,3,2,1,4,3,0,2,3,3,2,4,0,0,4,2,3,4,2,2,2,2,0,1
Erika_2,2,4,3,3,1,4,1,4,2,1,2,4,0,0,0,0,3,0,4,0,3,2,1,2,2,1,0,0,4,0,1
Franz_2,0,4,1,4,0,0,0,4,1,3,4,1,0,1,2,2,3,0,3,2,3,2,2,1,0,2,0,3,3,2,0
Gudrun_2,0,2,2,1,3,0,3,1,4,3,1,3,0,1,4,3,1,4,0,3,2,0,0,0,0,4,2,3,0,3,1
Heinz_2,1,0,0,3,2,1,2,3,4,0,4,3,3,3,3,0,4,1,0,3,3,0,4,4,2,2,2,3,0,0,0
Irene_2,2,4,2,0,3,2,1,1,4,0,3,1,2,3,0,2,3,0,3,1,1,0,1,0,4,1,3,3,0,4,1
Jürgen_2,2,3,4,3,0,0,2,0,2,0,3,0,1,4,3,4,1,4,1,0,0,1,3,0,3,4,0,1,1,0,1
Klara_2,1,0,2,0,3,4,1,4,0,0,0,3,4,4,1,0,1,3,2,3,2,0,4,4,1,2,1,0,4,1,1
Lukas_2,2,0,0,2,1,3,1,2,4,1,3,1,4,0,1,0,4,3,1,0,3,0,0,0,1,0,4,2,3,3,0
Monika_2,1,1,1,2,4,3,3,1,1,4,0,4,1,3,4,0,2,2,3,0,4,1,1,0,4,0,4,2,4,4,0
Norbert_2,1,3,1,2,0,1,0,1,3,3,1,1,0,0,2,2,1,3,2,2,4,3,0,0,0,4,1,1,0,3,0
Petra_2,4,0,0,1,3,4,4,2,3,1,2,1,0,2,1,0,1,3,1,3,1,0,3,4,3,0,3,1,1,4,0
Rainer_2,3,1,3,2,1,3,1,2,2,1,2,1,0,4,0,2,1,0,3,3,3,1,2,1,2,4,1,4,1,4,1
Sandra_2,4,1,0,3,4,3,1,4,3,3,2,0,3,1,1,2,3,4,1,4,1,4,0,3,0,0,3,4,0,3,0
Thomas_2,4,3,3,0,3,3,1,0,4,0,3,1,1,2,2,1,0,0,3,2,1,3,4,4,0,3,3,1,3,1,1
Uschi_2,2,3,0,0,3,2,4,0,2,3,2,4,4,4,1,0,4,2,0,4,2,0,0,3,2,3,4,0,2,2,0
Valentin_2,1,4,0,4,1,1,2,1,4,0,3,4,1,1,2,2,2,4,3,2,0,0,2,2,3,3,4,4,0,3,0
Willi_2,4,4,2,3,4,2,0,1,3,0,0,3,1,2,0,0,1,2,0,1,3,1,1,4,0,2,3,4,1,3,1
Xaver_2,2,3,3,0,2,1,0,0,1,4,2,3,4,2,2,3,4,4,4,3,3,2,4,1,2,1,2,1,3,2,1
Yvonne_2,2,0,1,2,2,3,1,4,1,4,2,1,1,1,1,1,0,0,2,4,1,3,2,2,1,1,4,0,2,2,0
Zeno_2,1,2,3,4,1,4,2,0,0,3,3,1,3,2,1,0,4,4,2,2,3,2,4,1,4,3,2,0,3,0,1
Adil_2,1,4,0,2,0,3,4,1,3,2,0,2,0,4,1,4,4,1,2,1,0,0,4,3,0,4,3,1,3,2,0
Bianca_2,4,4,4,0,2,3,1,3,2,3,2,0,2,2,2,2,3,4,0,1,3,3,3,2,1,3,3,1,4,4,1
Cedric_2,0,1,1,2,3,4,2,0,4,3,0,0,3,2,3,1,4,3,4,1,1,1,3,2,4,3,0,2,4,2,0
Daria_2,3,4,3,1,0,0,1,2,2,3,0,2,3,1,3,1,0,0,2,3,0,4,2,4,3,4,3,2,3,0,1
Enrico_2,2,4,4,0,2,1,4,0,1,2,3,1,2,1,0,2,2,3,2,0,2,2,4,0,4,1,1,0,4,1,1
Fatima_2,4,2,2,2,2,2,0,4,4,2,1,0,1,4,2,2,3,3,2,1,0,1,1,4,1,1,4,4,4,4,1
Giorgio_2,4,0,3,3,0,0,1,0,3,2,2,2,1,3,4,4,2,1,2,0,0,1,1,1,1,2,1,1,1,0,1
Hana_2,3,0,0,0,3,3,0,1,0,0,4,4,0,3,0,2,0,0,2,0,0,0,4,1,4,1,1,2,0,0,0
Ibrahim_2,1,2,4,2,2,1,4,4,1,4,4,0,0,4,0,4,1,1,2,1,4,0,0,1,4,3,2,4,1,3,1
Jasmin_2,0,1,2,3,3,1,4,1,3,0,2,0,3,0,4,1,3,2,2,4,0,0,2,3,0,3,2,3,4,2,1
Kemal_2,3,1,4,3,2,3,1,0,3,2,1,0,3,0,3,3,4,0,0,1,3,3,4,0,1,0,2,1,2,1,1
Laila_2,4,3,0,1,3,3,2,4,4,2,3,2,3,4,3,3,4,2,1,3,0,0,2,3,3,1,1,0,0,0,0
Mehmet_2,0,3,0,1,3,4,2,1,2,4,4,0,0,4,3,3,1,2,3,3,4,2,4,2,4,4,0,0,3,0,0
Nadia_2,3,3,2,3,3,3,0,0,1,4,2,1,3,3,1,2,3,3,0,4,3,4,4,4,3,3,4,1,4,0,1
Omar_2,3,2,3,4,3,4,2,2,2,0,0,4,0,1,2,2,4,0,2,3,0,3,2,2,3,2,0,1,1,1,1
Priya_2,2,4,0,0,2,0,2,1,0,4,2,0,3,3,4,4,3,2,0,3,4,0,2,3,4,3,2,4,0,3,0
Reza_2,0,1,2,3,4,2,1,4,2,2,3,1,3,0,4,1,2,2,0,2,4,3,1,4,0,4,0,4,2,2,1
Sadia_2,0,4,4,3,3,1,2,0,2,4,2,3,4,2,1,3,3,2,4,4,3,4,1,0,4,1,4,3,1,3,1
Tarek_2,2,4,4,3,4,0,4,1,2,3,1,1,1,2,3,3,2,0,1,3,2,2,1,2,4,1,3,1,0,1,1
Uma_2,1,0,1,2,3,3,4,3,3,0,1,1,2,1,0,2,2,4,1,0,3,0,0,0,2,4,2,0,3,2,0
Vikram_2,0,3,1,1,0,4,4,0,4,4,4,2,3,0,1,4,0,2,2,4,3,1,3,1,1,0,1,1,2,3,0
Wafa_2,3,2,4,0,3,4,2,0,2,4,3,3,1,2,1,2,3,2,2,0,4,0,0,1,2,4,3,2,2,0,1
Xiao_2,4,1,3,3,0,3,2,2,0,1,2,1,1,3,2,3,0,2,0,3,3,3,2,3,0,1,2,4,0,2,1
Yusuf_2,3,4,4,2,3,0,0,1,3,1,0,3,1,2,2,4,0,0,1,1,4,1,4,3,2,3,3,1,2,1,1
Zara_2,4,2,2,1,0,3,2,1,3,3,4,1,0,0,4,4,1,0,3,1,2,1,0,3,4,3,4,2,1,0,1
Aleksei_2,2,1,4,0,0,4,3,3,3,0,1,1,1,2,2,3,3,1,3,1,4,1,2,1,3,1,3,1,0,2,1
Bogdan_2,2,1,4,3,1,2,4,3,0,0,3,1,2,3,1,3,3,4,2,0,0,4,0,0,2,1,3,2,4,4,1
Csaba_2,0,0,2,4,4,3,2,3,2,1,4,0,4,1,2,1,4,3,2,3,1,0,2,4,3,1,2,0,2,0,1
Dragana_2,1,3,2,2,3,2,2,4,2,4,2,3,1,2,3,1,4,3,0,1,1,0,1,1,0,3,2,1,3,3,1
Eszter_2,0,3,0,3,2,4,3,3,3,0,1,0,2,0,1,2,1,1,4,2,4,4,1,4,0,4,4,1,3,0,0
Florin_2,1,3,0,2,0,2,0,3,2,4,0,2,1,0,0,3,3,3,2,4,0,2,0,4,3,2,4,1,1,0,0
Galina_2,2,2,0,0,4,4,3,0,3,2,1,1,3,0,0,1,1,3,3,2,1,0,2,3,3,2,4,1,2,0,0
Horia_2,2,4,1,3,3,3,3,2,4,4,3,0,3,2,4,1,3,3,0,0,4,2,3,1,1,3,4,4,0,2,0
Ioana_2,3,3,0,3,2,1,1,2,1,4,3,2,4,0,4,0,0,4,0,4,3,3,0,3,4,2,2,2,4,0,0
Jovan_2,4,0,0,3,1,1,3,0,0,3,2,2,4,3,3,4,2,2,1,1,1,0,4,2,0,3,4,0,0,3,0
Kristina_2,0,0,1,3,3,3,4,3,2,4,4,2,3,2,0,1,1,0,1,0,0,1,0,1,3,1,1,3,4,1,0
Luca_2,0,2,3,1,3,3,0,0,1,1,3,3,3,0,3,4,1,1,2,4,3,0,2,0,0,3,3,3,4,4,1
Mirela_2,4,2,0,3,3,3,4,4,4,3,1,0,4,0,3,4,2,4,0,2,3,3,0,3,4,2,3,3,0,1,0
Nikos_2,2,1,3,2,3,1,4,1,4,2,4,3,1,2,3,3,2,3,1,4,1,2,0,3,1,1,1,1,4,3,1
Oana_2,0,3,3,2,1,1,4,0,0,2,2,2,1,1,4,0,0,2,3,0,4,1,0,4,1,3,2,2,2,0,1
Piotr_2,4,2,1,4,4,0,0,3,3,0,0,4,4,0,4,0,4,0,1,0,1,2,1,2,3,4,3,0,1,2,0
Renata_2,2,1,0,1,3,3,0,1,3,2,2,4,1,0,2,2,3,2,1,1,4,3,1,1,3,3,3,3,4,2,0
Sven_2,0,3,1,0,4,0,0,2,2,3,1,3,0,3,0,1,4,0,4,2,3,3,4,2,2,2,0,2,4,4,0
Tatiana_2,1,3,3,1,4,4,4,3,2,3,1,2,0,0,4,2,3,1,4,4,2,1,0,4,4,2,4,2,1,0,1
Ulrika_2,0,4,4,2,1,2,3,4,0,0,2,2,4,2,0,0,0,3,2,4,0,3,2,1,4,4,4,4,1,2,1
Valentina_2,2,2,4,1,3,4,1,0,2,4,4,1,2,3,0,1,3,3,0,0,0,3,1,3,1,3,0,2,4,3,1
Witold_2,4,4,4,3,2,4,3,3,3,3,3,1,1,4,1,3,3,1,4,4,0,1,3,3,0,1,4,2,0,4,1
Xiomara_2,3,0,0,2,4,2,0,4,1,0,2,2,2,2,2,3,0,1,1,4,3,0,2,2,1,1,3,0,0,4,0
Yannick_2,2,0,0,3,3,4,2,4,3,2,3,3,4,1,1,4,3,3,3,1,2,0,4,4,3,3,1,3,2,4,0
Zofia_2,0,3,2,0,1,0,4,2,4,0,4,0,1,4,4,4,0,4,4,1,3,4,0,0,4,1,0,2,1,1,1
Aiko_2,4,3,0,4,4,2,3,4,0,3,0,2,3,1,3,0,4,2,3,2,0,0,0,4,1,2,1,1,2,0,0
Bowen_2,1,2,3,1,0,4,2,1,0,0,2,3,0,2,1,3,2,2,3,0,0,1,1,4,4,1,3,4,4,3,1
Cheng_2,0,2,0,2,3,4,3,0,3,0,3,1,0,2,4,4,0,1,4,1,2,4,3,3,0,4,1,1,2,4,0
Daisuke_2,1,1,4,3,4,3,0,0,3,4,2,1,0,0,3,2,4,2,3,2,1,4,4,2,0,1,4,4,0,2,1
Emi_2,0,3,0,1,4,2,3,1,4,4,2,2,2,3,2,1,2,2,1,3,4,2,0,1,0,4,3,0,0,1,0
Fumiko_2,3,4,3,3,4,0,0,4,0,3,0,2,3,4,2,3,1,0,0,3,2,1,3,0,1,0,2,2,1,0,1
Guangwei_2,4,2,1,1,3,2,0,2,3,4,1,0,1,3,0,2,4,4,3,1,4,1,4,4,4,1,0,4,1,0,0
Hiroshi_2,1,2,4,1,4,2,1,0,4,4,2,4,3,0,3,0,2,3,3,2,0,4,3,3,2,4,0,1,0,2,1
Ingrid_2,3,4,3,2,0,3,1,2,0,4,0,1,3,0,1,1,1,2,2,0,0,0,3,3,0,4,2,2,1,0,1
Jing_2,3,1,2,0,2,4,1,0,4,4,3,0,3,4,0,0,0,0,3,2,0,1,0,3,0,2,4,3,0,0,1
Kofi_2,0,4,0,2,3,3,0,4,3,1,4,4,0,3,3,3,3,4,4,0,2,0,3,4,2,4,1,0,0,0,0
Linh_2,4,0,4,1,4,1,4,2,2,3,3,4,3,1,1,1,0,0,1,2,4,3,4,2,2,4,4,1,1,3,1
Makoto_2,2,4,2,2,2,0,4,4,1,0,1,4,4,0,3,2,1,1,1,0,2,1,3,3,4,2,4,4,2,4,1
Ngo_2,2,3,2,1,0,3,0,3,1,0,1,1,3,4,1,1,3,2,3,1,3,1,0,2,0,0,2,0,4,0,1
Pham_2,1,2,3,1,4,2,0,0,1,1,2,1,1,2,1,2,4,1,1,1,0,1,2,0,0,1,3,0,2,1,1
Rashida_2,2,3,1,2,2,1,4,4,3,0,0,1,1,1,1,4,3,2,2,4,3,1,0,4,4,1,4,2,1,2,0
Sipho_2,1,0,2,1,4,4,3,1,0,3,4,0,1,4,3,4,2,3,4,3,1,2,2,4,3,3,3,2,4,3,1
Thabo_2,4,0,1,1,1,3,1,3,1,2,3,3,4,1,2,2,4,0,1,0,2,3,4,2,1,4,0,3,4,4,0
Uchenna_2,2,3,3,3,3,3,2,3,2,2,3,0,1,3,1,2,0,2,0,2,4,4,4,0,2,1,0,0,0,2,1
Vuyani_2,0,4,1,2,1,2,2,2,2,1,4,1,4,2,0,2,2,2,3,3,4,0,3,4,1,3,1,1,1,3,0
Wanjiku_2,1,4,4,4,3,3,2,0,2,1,3,3,1,3,3,4,0,2,1,4,1,2,0,3,2,2,1,3,3,3,1
Xiulan_2,4,2,2,4,0,4,0,1,1,2,4,4,4,4,3,3,1,3,0,4,3,1,3,0,2,4,3,2,0,1,1
Yerlan_2,0,4,1,0,4,3,0,1,1,0,3,2,1,1,2,4,0,3,0,2,4,0,1,2,3,3,1,0,1,4,0
Zimasa_2,3,3,0,3,1,1,1,2,3,3,1,4,4,2,4,1,4,3,2,1,0,1,3,0,3,4,1,4,2,4,0
Abebe_2,3,3,3,4,0,0,2,3,2,2,3,4,1,3,1,1,4,3,3,3,1,4,0,3,0,1,1,2,4,2,1
Anna_3,0,1,3,3,4,0,2,0,0,4,2,3,3,1,2,1,4,0,3,0,0,3,3,2,3,1,3,0,0,2,1
Ben_3,0,1,2,3,3,3,0,0,4,1,3,1,3,2,1,1,0,4,0,1,2,0,4,3,1,0,0,2,1,3,1
Clara_3,2,1,1,0,4,1,3,0,4,0,3,2,3,0,4,0,0,3,1,1,2,1,1,0,0,3,0,0,2,1,0
David_3,0,1,0,1,1,0,3,4,0,2,2,4,1,4,1,4,3,3,0,1,1,0,2,2,1,0,3,2,0,3,0
Elena_3,1,3,1,0,2,4,2,0,0,1,3,2,4,3,0,4,4,1,2,0,4,2,3,1,2,1,2,3,0,2,0
Felix_3,0,4,4,3,3,4,1,4,4,0,1,0,4,0,2,1,3,1,4,0,0,1,2,3,2,1,1,3,1,0,1
Greta_3,1,4,3,2,1,2,2,0,4,3,2,0,1,2,2,1,1,4,0,1,1,4,3,4,2,1,3,0,0,3,1
Hans_3,0,1,0,1,1,1,0,1,4,4,1,1,4,0,3,3,2,1,1,1,3,1,4,1,2,2,4,3,1,2,0
Ines_3,3,0,2,3,3,1,3,3,3,4,4,3,1,3,0,3,3,0,2,4,4,1,4,1,2,3,3,2,3,2,1
Jonas_3,3,4,4,3,0,2,1,3,1,1,1,0,0,4,2,3,3,3,3,2,3,3,2,4,0,3,0,0,3,4,1
Katja_3,1,1,3,2,2,4,3,2,0,3,3,1,1,3,0,2,0,1,2,4,3,1,2,1,4,4,1,0,0,0,1
Leon_3,3,3,4,0,4,1,3,1,3,2,2,4,4,3,4,2,3,0,0,4,2,1,2,1,3,2,0,1,3,0,1
Maria_3,0,0,3,4,3,2,3,1,1,2,1,1,1,3,1,4,0,3,4,1,1,1,0,1,1,2,3,3,4,0,1
Noah_3,1,0,2,0,3,0,2,0,2,0,4,1,3,3,0,0,0,2,0,4,0,0,1,4,0,3,4,4,2,3,1
Olivia_3,3,2,4,3,2,2,2,2,1,2,3,3,4,0,2,2,0,0,3,3,1,0,4,0,4,2,1,2,3,4,1
Paul_3,3,4,3,1,0,2,0,2,0,2,3,1,4,3,3,4,0,2,3,3,0,3,2,4,1,1,4,4,4,0,1
Quinn_3,1,3,0,2,4,3,1,3,0,3,4,1,1,1,1,0,0,3,0,1,2,3,2,1,2,3,0,1,4,3,0
Rosa_3,0,2,1,4,4,0,2,3,3,4,3,1,1,2,0,2,0,0,0,2,4,1,0,4,2,1,2,3,4,0,0
Stefan_3,2,0,4,4,1,3,3,2,2,1,4,4,4,1,0,3,0,4,3,2,1,2,1,3,3,1,4,2,1,0,1
Tanja_3,4,2,2,4,0,2,4,3,1,3,2,3,0,2,1,1,1,0,1,3,3,2,1,0,4,3,2,3,3,2,1
Uwe_3,3,3,0,4,2,2,1,4,3,0,1,2,4,0,2,3,1,4,1,3,3,2,1,1,1,1,0,2,4,0,0
Vera_3,1,3,3,1,0,0,2,3,1,0,0,4,2,4,3,1,3,1,0,0,1,3,3,2,4,1,3,0,3,3,1
Walter_3,2,3,2,0,0,0,0,0,3,4,1,0,4,4,4,3,2,0,4,1,3,3,3,2,4,1,0,2,0,4,1
Xena_3,1,3,0,3,4,4,4,3,0,4,4,4,0,1,0,1,4,1,0,4,3,2,0,0,1,4,1,1,0,4,0
Yara_3,2,0,0,0,4,2,2,4,1,3,0,1,2,0,4,2,4,3,1,4,3,2,4,2,4,4,4,1,0,0,0
Zach_3,1,0,1,1,2,1,1,4,4,1,4,2,2,1,4,3,0,4,2,2,3,1,3,3,0,2,3,1,4,1,0
Anja_3,0,2,1,2,4,4,4,1,3,1,2,3,3,0,4,1,0,2,0,4,0,4,3,0,2,0,2,2,2,1,0
Bruno_3,1,2,0,0,3,1,3,0,0,1,4,2,4,3,0,4,2,4,2,4,2,4,0,0,1,2,3,1,2,4,0
Carla_3,4,4,3,3,4,1,2,0,4,1,1,1,3,4,2,0,2,1,4,3,3,1,3,2,3,4,2,2,3,4,1
Dirk_3,1,2,0,2,3,2,0,0,0,1,0,1,4,0,0,2,4,3,0,3,4,1,3,3,4,4,0,3,0,4,0
Emma_3,1,0,3,4,2,1,4,4,0,4,3,1,4,1,1,0,2,1,4,2,0,3,3,3,1,2,0,2,1,4,1
Finn_3,0,2,2,3,2,2,1,0,4,3,1,2,4,0,3,4,3,0,2,0,4,3,2,2,2,0,0,2,1,3,1
Gina_3,2,0,0,3,3,1,0,4,4,1,3,0,3,0,1,2,1,3,3,2,2,2,3,1,4,2,0,3,3,1,0
Horst_3,1,2,3,0,2,1,0,1,2,0,1,3,3,2,0,1,1,3,2,0,3,3,4,3,1,2,3,4,3,1,1
Ida_3,0,0,0,1,1,2,4,0,1,0,2,3,4,0,3,3,2,2,3,0,3,1,4,1,4,1,1,2,0,2,0
Jan_3,1,3,1,3,0,4,4,1,1,4,1,1,0,1,3,0,2,1,1,3,0,4,1,0,0,3,3,4,2,1,0
Kira_3,1,2,3,3,0,4,3,0,2,0,2,2,2,2,3,1,2,0,1,0,0,0,2,1,2,3,2,4,0,3,1
Lars_3,1,2,3,2,2,2,0,0,0,4,1,2,2,2,4,4,4,2,1,2,1,4,3,0,0,1,4,0,0,4,1
Mia_3,1,1,3,0,0,4,4,2,2,3,1,4,1,0,1,1,3,4,2,4,2,2,3,0,3,0,3,3,4,4,1
Nico_3,0,1,4,2,1,2,0,4,0,1,3,3,4,4,0,1,3,4,3,4,3,3,4,2,1,1,0,1,4,1,1
Olga_3,4,0,4,3,4,4,2,2,1,2,2,4,0,1,1,0,4,1,2,0,1,2,1,2,0,1,1,4,0,0,1
Peter_3,2,4,2,2,0,4,2,1,3,4,2,2,0,0,2,1,2,1,2,0,4,4,0,3,2,4,4,1,3,1,1
Qian_3,2,2,1,4,3,1,3,1,3,2,1,3,0,3,1,3,1,1,1,4,3,1,2,0,2,1,1,3,4,1,0
Rita_3,0,1,0,3,1,3,3,0,4,1,0,4,0,3,3,0,0,0,0,1,1,0,2,1,4,0,0,0,4,2,0
Sam_3,0,1,1,3,4,3,1,2,2,3,1,1,0,4,2,4,0,0,0,0,4,2,0,4,3,1,0,1,0,1,0
Tina_3,3,3,1,2,2,1,3,0,3,1,0,1,0,2,2,0,4,2,0,2,0,0,4,1,1,3,4,2,4,1,0
Ulrich_3,3,1,2,4,2,2,0,2,3,2,2,0,0,1,1,2,1,3,3,3,0,0,4,3,2,1,0,2,1,1,1
Vika_3,3,2,2,3,3,3,3,4,2,1,1,3,3,4,3,4,4,3,4,4,1,3,0,4,3,4,4,1,0,1,1
Werner_3,2,0,1,0,2,4,3,1,0,0,2,2,1,2,3,1,4,3,1,1,1,0,1,0,1,3,0,3,2,0,0
Xin_3,0,4,0,3,4,1,0,1,2,1,0,1,0,0,4,3,1,1,3,1,4,2,3,3,2,3,0,2,0,1,0
Lena_3,0,0,4,1,4,1,0,3,3,3,4,2,4,4,2,1,3,1,2,0,4,3,1,1,3,4,0,1,3,1,1
Marc_3,4,4,0,3,3,2,3,3,1,0,2,3,1,2,0,0,0,2,4,2,0,1,2,1,4,0,0,1,4,0,0
Nina_3,2,1,4,1,0,1,2,0,4,4,0,4,3,0,0,2,0,2,0,2,2,3,4,1,2,3,2,1,0,2,1
Otto_3,3,4,0,4,1,0,4,3,3,4,0,2,1,1,3,0,0,1,1,1,1,4,4,4,4,2,3,1,2,2,0
Petra_3,2,4,3,0,3,1,1,4,4,0,1,4,3,0,0,1,2,4,0,3,0,3,2,1,2,1,0,2,4,2,1
Ralf_3,2,0,0,1,3,2,3,2,3,1,0,4,3,0,2,2,3,3,4,1,3,2,4,4,2,2,0,3,4,3,0
Silke_3,2,0,4,0,1,4,0,1,0,2,3,1,4,3,0,1,3,3,0,2,3,3,4,3,0,0,1,0,3,3,1
Tobias_3,1,3,2,0,2,2,4,3,1,3,0,2,3,0,4,1,3,1,1,2,4,0,4,3,0,2,3,3,1,0,1
Ursula_3,1,0,3,2,2,1,0,1,0,2,3,0,2,3,3,4,1,2,1,0,0,3,2,2,1,1,2,3,3,3,1
Viktor_3,4,1,3,2,4,3,0,4,4,1,0,4,4,1,2,2,0,1,3,1,3,2,0,3,2,4,0,3,1,3,1
Wendy_3,4,0,0,1,1,3,4,1,4,3,1,2,1,1,4,0,2,2,0,2,2,4,0,3,3,3,3,2,2,4,0
Axel_3,3,4,2,0,1,3,3,2,1,4,4,1,4,3,3,2,3,2,4,0,0,0,0,0,4,3,0,3,4,4,1
Bettina_3,0,3,4,4,0,2,3,1,1,3,4,3,0,1,3,0,2,3,3,3,0,2,1,4,2,2,2,2,3,1,1
Christoph_3,0,3,0,0,0,1,2,4,4,2,2,1,4,3,1,4,3,1,4,3,0,4,3,1,3,1,3,2,4,1,0
Dana_3,3,1,0,1,4,0,4,3,2,4,1,2,1,0,0,0,3,0,4,1,0,4,4,0,4,3,0,1,3,2,0
Erika_3,1,1,1,2,1,4,1,3,2,0,2,0,1,0,4,0,0,3,4,0,0,1,2,2,1,0,0,3,2,1,0
Franz_3,3,0,3,0,3,0,3,0,1,3,3,2,3,1,1,2,0,1,4,4,0,0,2,2,3,4,4,4,0,1,1
Gudrun_3,4,2,0,1,4,0,4,0,4,4,1,1,2,0,1,0,2,1,1,0,1,2,2,3,1,0,2,4,2,3,0
Heinz_3,3,3,4,3,1,2,1,1,2,3,0,4,4,2,1,1,3,3,3,3,4,2,2,4,0,4,3,3,1,4,1
Irene_3,2,2,0,3,1,0,4,2,4,3,2,4,4,2,3,0,0,1,2,3,1,2,1,0,1,2,2,1,2,0,0
Jürgen_3,0,2,0,2,1,3,4,2,1,4,0,3,2,4,1,4,1,0,4,2,4,0,4,3,3,2,2,1,1,0,0
Klara_3,3,3,0,2,3,0,0,3,1,4,2,4,3,1,4,0,2,0,4,0,3,2,1,3,0,4,4,0,2,0,0
Lukas_3,0,3,0,3,2,2,2,2,3,0,4,2,3,4,0,3,2,3,3,0,2,4,0,0,1,0,0,1,0,2,0
Monika_3,3,1,1,0,1,2,4,0,0,2,0,0,0,2,0,2,2,4,3,2,1,1,4,3,0,1,2,1,4,3,0
Norbert_3,3,0,4,4,1,4,3,3,2,2,3,1,0,2,2,0,2,4,1,1,0,0,3,0,1,0,1,3,3,1,1
Petra_3,3,0,2,1,4,4,4,2,2,3,1,4,0,1,1,2,3,3,4,4,1,3,1,0,2,3,1,2,4,0,1
Rainer_3,1,3,0,0,1,0,3,1,2,0,3,4,3,2,2,0,4,0,2,3,1,1,3,4,3,4,2,0,3,2,0
Sandra_3,2,0,0,3,3,1,2,1,3,1,4,2,4,4,3,4,3,0,0,1,0,1,0,0,0,4,2,1,0,4,0
Thomas_3,0,2,1,4,3,3,3,0,1,2,3,1,1,1,2,2,4,2,0,0,1,4,4,3,2,1,1,2,0,1,0
Uschi_3,1,2,3,1,0,3,3,2,0,1,2,0,1,0,4,2,3,4,0,3,1,3,0,0,0,4,2,1,4,4,1
Valentin_3,1,1,0,0,2,2,3,3,2,4,2,3,2,2,3,0,2,2,2,4,4,3,0,2,4,0,1,3,1,1,0
Willi_3,2,3,0,1,4,3,2,1,0,1,3,0,2,4,3,4,1,2,2,2,3,4,3,2,2,1,0,4,4,2,0
Xaver_3,4,0,3,3,4,2,2,0,0,3,1,3,1,4,2,4,4,1,2,3,2,0,2,0,3,0,1,2,4,0,1
Yvonne_3,0,3,2,0,3,2,0,0,2,1,2,2,4,4,1,0,2,1,1,3,4,0,2,1,0,3,2,1,3,3,1
Zeno_3,3,0,2,2,4,2,1,4,3,2,4,1,1,2,1,3,4,1,2,2,0,2,4,3,4,1,3,3,0,1,1
Adil_3,4,3,2,4,2,3,2,3,3,3,3,3,0,4,0,3,0,1,4,2,1,4,4,2,1,4,4,4,2,0,1
Bianca_3,3,1,3,0,3,4,3,0,0,0,2,0,2,4,0,2,4,3,2,0,0,4,4,0,1,4,1,4,3,1,1
Cedric_3,1,1,2,2,0,3,4,1,0,0,0,1,4,0,4,0,1,1,0,3,0,4,3,3,0,0,2,3,3,1,1
Daria_3,1,4,2,4,3,4,0,3,1,0,1,1,1,1,4,4,1,3,3,2,2,0,4,3,2,2,3,3,0,3,1
Enrico_3,3,3,1,0,2,3,0,4,3,0,4,2,0,4,3,0,2,1,3,3,2,0,1,2,4,4,1,2,4,3,0
Fatima_3,4,0,1,1,2,4,2,3,1,2,2,3,0,3,3,3,4,1,4,4,4,2,1,2,4,4,2,4,4,3,0
Giorgio_3,0,0,0,1,1,0,0,3,3,2,1,1,0,1,3,3,0,0,4,2,0,0,0,3,2,4,0,1,2,0,0
Hana_3,3,3,1,4,4,1,1,2,3,3,2,1,1,1,3,4,1,0,4,0,0,1,0,1,0,2,3,4,4,0,0
Ibrahim_3,2,1,4,3,1,1,4,3,4,2,2,4,4,1,0,3,3,3,0,4,0,1,4,2,0,0,3,1,0,4,1
Jasmin_3,4,2,0,1,2,2,3,2,0,1,2,0,4,4,1,4,4,4,2,3,4,0,4,0,4,3,2,0,0,2,0
Kemal_3,3,2,1,2,0,1,1,4,2,0,1,3,0,4,4,0,2,0,3,4,4,0,4,3,1,2,0,0,0,3,0
Laila_3,4,1,2,3,3,2,1,0,0,0,1,4,4,3,0,4,3,0,3,3,1,3,3,4,1,0,3,0,4,2,1
Mehmet_3,2,1,2,3,0,1,1,0,4,0,1,3,4,4,0,0,1,0,0,0,1,3,1,2,0,2,2,4,1,2,1
Nadia_3,1,4,3,3,0,0,0,2,4,1,3,2,1,3,2,2,4,2,1,4,2,2,4,4,0,0,2,3,4,3,1
Omar_3,2,0,1,1,4,1,2,4,1,0,2,1,0,1,3,3,0,0,3,0,2,2,4,3,2,0,0,2,4,3,0
Priya_3,3,0,3,3,3,0,1,1,3,1,3,4,0,2,0,4,2,0,4,2,2,4,1,0,2,4,3,3,0,0,1
Reza_3,4,3,2,4,3,3,4,4,4,2,1,3,3,1,1,0,2,2,0,1,4,2,2,4,3,0,4,2,2,2,1
Sadia_3,2,4,0,0,2,4,2,2,1,3,3,0,3,0,3,0,2,3,4,1,3,0,4,0,2,4,4,2,0,3,0
Tarek_3,1,2,2,2,3,1,1,1,1,4,0,1,0,0,1,4,3,4,2,0,4,1,0,2,2,0,2,4,0,4,1
Uma_3,1,2,0,0,4,3,0,4,0,1,1,2,4,2,3,0,3,2,1,0,2,4,2,2,3,2,3,2,4,0,0
Vikram_3,1,2,0,2,1,4,0,0,4,1,2,4,4,4,2,1,3,4,0,1,3,0,0,1,4,4,4,4,3,4,0
Wafa_3,0,4,0,4,3,4,4,3,2,2,1,4,2,1,2,1,2,1,3,2,0,1,3,3,2,0,2,4,4,0,0
Xiao_3,2,3,4,1,3,3,1,4,1,4,1,3,4,1,4,2,2,2,2,0,0,3,3,4,1,4,3,1,1,3,1
Yusuf_3,0,1,0,3,2,4,3,0,1,0,3,0,1,0,1,4,4,3,3,2,1,3,4,1,2,0,2,2,4,4,0
Zara_3,4,0,0,0,2,3,3,3,3,2,3,1,1,4,4,0,1,0,4,4,2,3,3,2,3,1,4,4,2,0,0
Aleksei_3,1,2,3,2,0,4,4,4,4,4,3,2,2,3,2,1,1,0,1,3,4,2,4,4,2,0,2,2,1,0,1
Bogdan_3,2,2,3,3,1,1,2,2,4,0,1,2,1,0,1,4,4,1,0,4,0,4,4,1,0,3,0,2,1,2,1
Csaba_3,4,3,3,4,1,3,2,0,0,3,3,3,2,0,1,2,0,2,0,1,0,2,1,4,2,2,3,4,0,2,1
Dragana_3,0,3,0,4,2,1,4,0,0,1,1,4,3,1,1,2,3,1,3,1,3,2,1,1,0,4,1,0,3,0,0
Eszter_3,3,4,4,1,1,0,3,2,4,3,4,1,2,3,4,1,2,1,2,3,3,3,4,2,4,3,2,0,1,0,1
Florin_3,2,3,3,2,1,3,0,1,3,2,0,2,3,1,3,3,4,3,1,0,2,2,4,1,3,0,4,2,2,2,1
Galina_3,3,3,3,3,3,2,0,2,3,1,2,0,2,3,3,1,4,1,4,1,0,4,4,2,1,4,4,0,0,3,1
Horia_3,0,2,2,4,0,0,4,1,2,4,1,1,4,3,1,2,1,2,2,3,1,4,1,0,0,0,4,0,4,3,1
Ioana_3,3,0,1,2,2,0,1,1,0,2,0,3,3,1,2,0,0,0,4,3,0,0,4,4,1,0,4,3,1,4,0
Jovan_3,2,2,3,4,0,2,2,3,1,0,2,4,3,3,2,3,0,1,3,4,2,3,2,4,4,1,3,0,3,3,1
Kristina_3,2,4,0,3,1,4,0,3,1,3,2,3,4,0,2,2,1,0,0,4,1,1,3,4,1,0,1,3,4,3,0
Luca_3,4,4,1,0,3,2,3,2,2,1,0,2,4,4,3,0,2,1,4,3,4,3,2,1,2,3,3,4,4,0,0
Mirela_3,0,3,0,3,1,0,1,4,0,1,1,3,0,0,3,3,1,4,3,1,4,3,3,0,2,0,3,2,2,4,0
Nikos_3,2,4,2,4,1,1,2,4,1,4,2,4,4,2,3,3,1,2,1,1,4,3,0,2,3,1,1,3,0,0,1
Oana_3,2,1,1,0,4,3,2,0,0,4,3,4,1,0,2,4,1,2,0,1,2,2,3,4,2,2,4,3,2,4,0
Piotr_3,4,1,0,4,1,0,1,2,1,2,4,0,1,4,4,3,2,4,4,4,2,4,3,1,1,0,1,1,0,4,0
Renata_3,1,1,1,3,0,2,0,0,1,4,3,3,3,2,2,4,0,1,4,3,3,3,3,2,2,4,2,4,0,4,0
Sven_3,1,1,2,1,3,4,3,3,2,0,4,3,2,1,0,2,3,2,3,1,4,4,1,3,2,1,0,1,3,2,1
Tatiana_3,4,1,0,4,2,2,0,2,2,4,0,4,2,0,2,3,3,0,2,2,0,4,0,3,4,3,3,1,3,4,0
Ulrika_3,0,0,2,0,4,1,1,1,0,3,0,0,3,0,2,0,4,2,1,4,0,2,2,1,4,2,4,0,3,3,1
Valentina_3,0,0,1,4,1,2,0,1,3,0,2,4,1,4,3,1,0,2,2,4,2,0,2,3,4,0,4,3,0,0,0
Witold_3,0,1,0,1,2,4,0,1,0,1,2,3,0,1,2,1,1,2,0,3,2,1,2,1,4,2,3,1,1,2,0
Xiomara_3,1,1,2,2,3,2,0,3,2,4,2,2,4,3,1,0,4,3,1,4,4,1,3,2,2,1,2,4,4,2,1
Yannick_3,0,4,1,2,1,3,2,0,0,4,1,3,1,3,4,2,2,4,3,4,0,2,0,2,0,1,3,3,2,2,0
Zofia_3,0,1,2,2,1,3,4,1,0,3,4,3,4,4,3,3,3,1,2,2,4,2,3,3,2,0,1,4,0,3,1
Aiko_3,3,2,4,3,4,0,1,4,1,2,4,4,1,4,1,1,2,0,0,2,1,2,3,3,1,3,0,1,1,1,1
Bowen_3,2,2,0,1,1,1,3,0,1,1,4,2,0,3,1,2,0,3,4,3,1,3,3,3,1,0,3,1,2,1,0
Cheng_3,3,2,2,3,4,3,4,0,2,3,4,0,1,4,1,1,2,2,2,4,0,4,4,3,0,1,1,3,1,0,1
Daisuke_3,1,2,3,0,2,3,1,3,1,2,2,3,3,0,2,3,1,1,3,4,0,3,0,2,0,3,0,1,2,1,1
Emi_3,4,4,3,3,0,3,3,3,0,2,3,2,0,4,3,4,2,3,2,4,2,0,1,3,4,3,0,1,0,2,1
Fumiko_3,4,2,1,4,4,3,3,0,3,2,0,0,3,3,2,0,4,2,2,3,2,2,0,4,2,1,2,2,3,0,0
Guangwei_3,3,2,2,0,4,0,2,0,4,3,1,1,0,4,0,1,1,3,3,2,2,3,4,1,4,4,3,0,0,2,1
Hiroshi_3,2,0,1,4,0,3,4,0,2,2,3,3,0,1,2,0,3,0,1,4,2,2,4,4,4,1,0,2,4,3,0
Ingrid_3,1,3,2,1,2,4,0,4,3,1,2,2,0,3,1,0,3,1,2,2,3,4,2,0,1,1,0,2,1,0,1
Jing_3,4,2,4,3,4,3,4,2,4,3,3,4,0,2,2,2,2,3,1,3,3,1,4,1,3,2,3,0,4,0,1
Kofi_3,3,4,2,0,1,4,2,2,2,2,3,3,0,1,4,4,1,4,2,4,3,3,0,2,4,3,1,3,4,1,1
Linh_3,3,4,0,0,3,1,1,0,4,2,1,1,3,4,3,2,1,3,4,2,2,2,0,2,4,4,4,3,1,3,0
Makoto_3,3,3,2,3,1,1,3,2,0,4,2,3,1,0,3,4,3,3,3,1,0,4,1,1,4,4,4,0,4,4,1
Ngo_3,3,0,2,4,1,1,4,3,0,2,0,4,3,4,4,1,1,3,2,1,1,3,1,2,1,2,0,0,1,4,1
Pham_3,3,3,1,4,3,1,1,3,4,0,4,2,1,1,3,0,0,0,3,4,3,3,0,3,2,4,0,4,4,0,0
Rashida_3,3,3,0,2,3,0,2,3,4,3,3,0,0,1,2,4,0,1,2,3,2,1,1,3,1,2,0,2,0,3,0
Sipho_3,3,1,2,2,2,3,2,3,2,4,2,4,0,1,1,4,2,0,1,2,4,2,2,2,1,4,2,3,3,2,1
Thabo_3,1,1,1,4,2,3,2,1,0,1,4,2,1,4,0,2,2,4,4,3,3,4,1,2,1,4,4,2,4,2,0
Uchenna_3,3,3,1,4,3,1,3,3,0,0,2,1,2,1,1,1,2,4,0,1,2,3,3,4,0,4,1,1,2,0,0
Vuyani_3,3,0,2,4,0,2,4,4,4,0,0,3,4,4,1,1,2,1,1,1,3,1,0,4,2,4,2,0,1,0,1
Wanjiku_3,1,4,2,0,1,1,1,4,4,3,3,0,4,0,2,0,1,3,0,3,0,3,1,0,4,4,1,4,3,2,1
Xiulan_3,4,0,4,3,0,3,1,4,4,3,0,2,3,4,2,3,1,2,4,3,4,2,2,2,4,1,2,2,4,4,1
Yerlan_3,2,3,0,1,3,0,2,4,3,3,1,1,0,3,2,0,3,2,4,1,1,0,1,1,2,4,2,2,4,3,0
Zimasa_3,0,2,4,1,4,1,2,1,1,3,1,1,4,1,2,4,3,4,3,2,1,2,3,2,2,1,2,2,2,2,1
Abebe_3,3,2,3,4,3,3,0,3,0,3,2,1,3,2,0,1,1,2,2,2,0,2,3,3,2,4,4,1,1,4,1
Anna_4,4,3,2,0,0,1,1,2,3,4,3,0,3,3,1,2,4,4,3,0,0,0,2,2,4,2,3,2,0,3,1
Ben_4,1,0,2,3,1,1,4,2,4,1,4,0,3,1,2,4,4,2,4,4,2,0,1,0,2,2,3,1,1,2,1
Clara_4,3,1,3,2,2,1,2,2,4,0,1,0,3,3,3,3,0,4,0,4,2,0,4,3,0,4,2,4,3,2,1
David_4,4,2,0,0,4,0,4,0,4,1,4,0,4,3,4,1,0,3,2,3,3,1,2,0,1,4,2,3,4,3,0
Elena_4,0,3,4,2,0,4,3,0,0,1,2,3,1,2,1,4,2,4,3,1,4,2,4,1,1,1,1,2,1,0,1
Felix_4,0,4,4,0,1,4,2,0,2,2,1,1,1,2,1,3,2,1,1,2,0,1,3,0,3,0,3,1,3,0,1
Greta_4,3,3,3,1,1,3,4,0,0,1,4,4,4,0,1,1,0,3,4,2,2,3,1,1,0,4,2,3,2,4,1
Hans_4,0,3,0,0,3,3,3,0,2,2,2,0,3,2,1,0,3,3,0,2,2,0,1,1,1,4,0,1,4,1,0
Ines_4,1,3,0,0,4,1,2,2,4,3,1,3,1,1,4,1,1,2,0,1,0,3,1,2,3,2,2,4,2,0,0
Jonas_4,0,2,0,3,0,1,3,0,4,3,4,4,1,1,0,0,2,1,0,3,0,0,3,3,3,4,3,1,4,0,0
Katja_4,2,3,3,2,1,2,4,2,4,0,3,3,4,1,1,1,4,1,1,1,0,0,3,2,4,0,1,1,2,1,1
Leon_4,2,2,3,4,4,4,4,2,1,2,3,2,1,4,0,3,0,1,1,0,1,0,1,1,3,2,0,4,3,3,1
Maria_4,2,1,4,3,3,1,3,4,2,4,3,0,2,4,2,2,1,2,2,3,4,3,0,2,4,2,0,2,3,0,1
Noah_4,4,1,0,1,3,0,0,4,2,1,2,2,3,3,4,0,4,1,3,4,1,1,1,0,1,2,4,4,1,4,0
Olivia_4,4,4,0,4,2,4,1,4,1,2,1,0,1,4,1,1,4,4,3,1,2,0,3,2,3,4,3,3,3,2,0
Paul_4,1,2,0,0,2,4,2,1,4,4,0,0,3,1,1,3,1,1,3,1,3,3,4,1,1,2,0,1,2,1,0
Quinn_4,3,0,4,1,1,3,1,2,2,0,0,4,2,4,0,4,3,1,3,2,0,4,4,3,1,0,2,2,0,3,1
Rosa_4,2,0,3,3,4,1,3,2,1,4,0,0,4,4,2,1,3,3,3,0,0,2,2,2,4,2,3,2,2,0,1
Stefan_4,0,0,3,1,4,3,1,4,3,2,0,3,4,4,4,3,4,4,3,0,4,0,4,0,4,0,0,1,2,4,1
Tanja_4,4,3,3,0,2,3,3,4,4,0,3,3,0,1,4,1,0,2,0,2,3,0,3,2,2,2,2,1,2,3,1
